Date,Close/Last,Volume,Open,High,Low
2019-06-25,140.16,114721,141.55,141.55,139.1
2019-06-26,139.12,83074,140.02,140.3,138.72
2019-06-27,141.03,81309,139.29,142.1,139.29
2019-06-28,143.31,457484,141.5,143.93,140.03
2019-07-01,140.03,169495,143.0,144.31,139.8
2019-07-02,140.5,71825,140.77,141.32,139.39
2019-07-03,141.16,42482,140.55,142.21,139.95
2019-07-05,140.24,64316,140.29,140.91,137.56
2019-07-08,125.93,359455,139.2,139.2,125.34
2019-07-09,123.99,227903,125.94,126.97,123.645
2019-07-10,122.96,131769,124.37,125.565,122.76
2019-07-11,122.79,129986,123.01,123.9324,122.29
2019-07-12,123.02,123775,122.79,123.42,120.5
2019-07-15,123.62,99846,122.97,124.72,122.81
2019-07-16,124.5,105053,123.41,124.73,123.08
2019-07-17,122.51,112048,124.24,125.0,122.09
2019-07-18,122.66,109788,122.21,123.0,120.86
2019-07-19,121.75,82346,122.97,123.4095,121.75
2019-07-22,122.25,75375,121.83,122.9,121.48
2019-07-23,121.58,63948,122.81,122.81,121.1
2019-07-24,122.73,66028,120.99,122.73,120.53
2019-07-25,122.19,49611,122.43,122.59,121.115
2019-07-26,123.32,83432,122.59,123.84,122.45
2019-07-29,122.18,127703,123.13,124.04,121.13
2019-07-30,123.19,112270,121.41,123.933,121.16
2019-07-31,136.73,377993,127.0,140.72,127.0
2019-08-01,135.48,126304,137.0,139.08,134.5
2019-08-02,134.3,152580,134.95,137.43,133.15
2019-08-05,132.52,116815,132.46,134.795,130.61
2019-08-06,134.1,130004,134.15,135.89,132.59
2019-08-07,138.35,120276,132.45,139.24,131.14
2019-08-08,140.27,126553,138.87,141.4,138.71
2019-08-09,140.7,82373,139.47,143.56,138.96
2019-08-12,140.74,142714,139.59,140.94,138.02
2019-08-13,138.73,143984,140.42,142.0,138.21
2019-08-14,137.95,130219,137.11,139.34,135.5301
2019-08-15,136.39,81736,137.99,138.25,135.9
2019-08-16,137.33,264810,137.29,138.06,135.87
2019-08-19,139.75,100562,138.82,140.7,136.71
2019-08-20,140.51,69506,139.77,141.75,137.125
2019-08-21,140.89,146094,141.66,142.9,140.84
2019-08-22,141.22,50361,140.7,142.56,140.33
2019-08-23,138.11,46260,140.59,142.28,137.61
2019-08-26,139.62,76762,139.17,140.08,137.8
2019-08-27,138.72,109796,140.45,141.205,138.0
2019-08-28,139.46,106259,138.5,139.98,136.87
2019-08-29,141.39,83321,140.69,142.11,139.45
2019-08-30,143.29,146611,142.52,143.81,141.495
2019-09-03,143.6,123601,142.48,144.36,141.86
2019-09-04,137.17,295306,144.83,144.83,135.92
2019-09-05,141.41,125541,137.85,142.1,137.37
2019-09-06,139.89,70213,142.1,142.75,139.84
2019-09-09,143.69,117237,139.78,143.92,137.93
2019-09-10,144.96,117876,141.85,144.96,140.69
2019-09-11,147.54,115714,144.95,147.66,143.1426
2019-09-12,148.4,127324,147.59,150.0,147.26
2019-09-13,145.78,121363,148.5,149.41,145.335
2019-09-16,147.45,129592,144.84,147.59,144.29
2019-09-17,149.01,100546,146.84,149.79,146.39
2019-09-18,148.13,99920,148.88,150.39,146.71
2019-09-19,150.45,114072,148.17,153.46,148.17
2019-09-20,149.05,263968,150.53,152.77,147.275
2019-09-23,150.59,62734,148.64,151.37,147.82
2019-09-24,148.88,109722,152.26,152.26,147.9184
2019-09-25,149.57,53219,148.81,150.0,144.8
2019-09-26,149.37,37934,149.46,151.58,147.72
2019-09-27,147.03,50505,149.1,149.1,145.74
2019-09-30,148.37,78031,147.16,149.115,146.43
2019-10-01,146.34,60552,148.39,149.9,146.15
2019-10-02,144.9,69855,145.86,145.86,143.09
2019-10-03,145.42,47434,145.08,146.525,142.58
2019-10-04,146.59,47966,145.75,148.01,145.215
2019-10-07,147.35,64392,146.73,148.15,145.4
2019-10-08,143.96,57791,147.29,147.405,143.5
2019-10-09,144.37,62280,145.06,145.9995,144.32
2019-10-10,143.52,77151,144.76,144.76,143.1
2019-10-11,144.15,52446,145.0,145.27,143.34
2019-10-14,143.94,64873,143.94,144.82,142.65
2019-10-15,144.18,48474,144.2,144.74,142.995
2019-10-16,143.41,58602,144.02,144.93,142.56
2019-10-17,143.72,83835,144.17,145.0,142.395
2019-10-18,143.15,76759,143.75,144.11,139.58
2019-10-21,144.02,31682,143.85,144.71,142.65
2019-10-22,143.02,42025,144.18,145.09,142.66
2019-10-23,142.6,50449,142.72,144.8,141.95
2019-10-24,144.6,41379,143.1,144.79,143.1
2019-10-25,145.77,44970,144.44,146.61,143.63
2019-10-28,146.17,39901,146.0,147.29,145.69
2019-10-29,146.65,42819,146.0,147.47,145.25
2019-10-30,153.41,81849,150.96,154.4,149.0
2019-10-31,153.25,54830,153.28,154.5,151.85
2019-11-01,153.69,70158,153.57,154.85,151.25
2019-11-04,153.51,69961,154.99,155.14,152.26
2019-11-05,155.0,67219,154.21,156.09,153.27
2019-11-06,154.96,72902,154.67,155.69,153.11
2019-11-07,155.78,63418,155.8,156.81,154.43
2019-11-08,156.13,65360,155.34,157.0742,154.13
2019-11-11,155.92,59223,155.57,156.215,154.825
2019-11-12,158.06,71934,156.15,158.07,155.88
2019-11-13,156.96,64288,157.29,158.5,156.0
2019-11-14,156.64,65929,157.24,158.13,155.98
2019-11-15,156.4,44489,157.12,157.51,155.0
2019-11-18,155.23,54061,156.11,157.29,155.12
2019-11-19,157.49,52509,155.62,158.9,155.53
2019-11-20,154.02,79781,157.0,157.455,153.1178
2019-11-21,149.5,79609,154.54,154.54,148.97
2019-11-22,151.6,50484,150.2,152.29,148.7
2019-11-25,152.76,53051,152.0,153.05,151.3967
2019-11-26,152.4,83996,152.29,153.35,151.68
2019-11-27,152.62,36663,152.0,153.3,151.74
2019-11-29,150.33,51295,150.99,151.345,149.0
2019-12-02,150.08,87727,150.72,150.72,148.42
2019-12-03,149.98,221543,149.02,151.11,147.28
2019-12-04,151.6,85726,150.67,152.265,150.31
2019-12-05,149.86,87635,151.31,151.56,149.135
2019-12-06,151.6,69265,150.79,152.2,150.56
2019-12-09,152.3,66715,151.26,152.87,151.23
2019-12-10,152.7,43727,152.19,152.84,151.3025
2019-12-11,150.47,28079,152.49,152.49,149.89
2019-12-12,146.85,43710,149.97,150.89,146.45
2019-12-13,145.35,52340,146.65,147.375,145.02
2019-12-16,146.53,44229,145.75,147.51,145.75
2019-12-17,147.35,33516,146.78,147.7,146.27
2019-12-18,145.82,33825,147.62,147.62,145.67
2019-12-19,145.95,46541,145.93,146.3131,144.63
2019-12-20,145.2,115083,146.0,146.31,144.84
2019-12-23,144.33,57118,145.55,145.55,144.06
2019-12-24,144.4,32218,143.99,144.6,143.8
2019-12-26,145.05,25268,144.93,145.35,144.22
2019-12-27,144.76,29040,145.2,145.49,143.75
2019-12-30,142.02,50016,145.08,145.08,141.78
2019-12-31,142.63,49591,141.81,143.12,141.21
2020-01-02,144.31,27633,142.84,144.89,142.72
2020-01-03,143.57,58523,143.02,144.89,142.8
2020-01-06,144.25,32742,143.25,145.46,143.25
2020-01-07,143.87,34868,144.0,145.37,143.24
2020-01-08,143.71,39514,143.95,145.47,142.075
2020-01-09,143.5,64249,144.45,145.32,142.91
2020-01-10,142.39,41088,144.14,145.16,142.145
2020-01-13,144.59,48987,142.52,145.305,142.52
2020-01-14,144.77,46832,144.69,145.68,144.07
2020-01-15,146.27,53480,144.83,147.05,144.83
2020-01-16,146.72,35749,147.12,147.96,146.08
2020-01-17,146.74,33556,147.47,147.47,146.22
2020-01-21,145.95,53280,146.29,147.57,145.13
2020-01-22,145.92,45833,146.94,147.34,145.64
2020-01-23,145.74,45513,145.77,146.66,145.48
2020-01-24,143.16,39257,146.14,146.74,142.78
2020-01-27,142.53,51741,141.52,143.788,141.25
2020-01-28,144.0,60781,143.02,144.54,141.3
2020-01-29,152.6,254683,157.0,165.0,152.31
2020-01-30,152.7,104795,153.41,157.1,151.3373
2020-01-31,152.03,101088,152.64,154.765,151.51
2020-02-03,149.48,101825,152.45,156.085,149.01
2020-02-04,151.81,87107,150.63,152.54,150.46
2020-02-05,152.84,96078,152.83,153.31,150.84
2020-02-06,152.24,56107,152.76,153.855,151.95
2020-02-07,152.66,74598,151.29,153.57,151.2
2020-02-10,151.45,28523,153.06,153.57,151.12
2020-02-11,152.1,48029,151.7,153.335,151.215
2020-02-12,149.84,54278,152.44,153.54,149.45
2020-02-13,148.07,59868,149.28,149.73,146.93
2020-02-14,148.84,56479,148.32,149.68,147.12
2020-02-18,147.97,23406,148.63,148.665,147.53
2020-02-19,149.6,45444,148.26,150.17,148.16
2020-02-20,149.8,92255,149.15,150.28,148.21
2020-02-21,149.95,59708,149.55,150.68,149.16
2020-02-24,145.88,53046,146.32,147.86,143.8063
2020-02-25,140.05,98958,145.71,145.86,140.05
2020-02-26,140.12,50720,140.64,142.41,140.06
2020-02-27,136.22,70964,137.57,140.72,136.1
2020-02-28,135.16,99669,133.4,136.0,132.62
2020-03-02,136.72,74804,135.73,137.73,135.16
2020-03-03,134.39,66002,136.23,138.82,132.1
2020-03-04,136.17,77717,136.05,136.5,134.16
2020-03-05,136.88,98310,133.96,137.23,133.96
2020-03-06,136.28,73384,133.9,136.74,133.9
2020-03-09,129.43,80833,131.35,132.81,129.1
2020-03-10,129.98,142995,131.93,131.93,126.26
2020-03-11,124.15,71551,127.61,127.76,122.0
2020-03-12,108.53,135131,119.98,122.6,108.06
2020-03-13,111.33,149692,111.92,113.7,106.27
2020-03-16,106.66,136821,102.88,108.45,99.79
2020-03-17,109.36,106072,108.04,112.81,105.63
2020-03-18,92.2,115061,103.35,104.15,91.22
2020-03-19,105.38,90198,91.76,107.24,90.0
2020-03-20,100.74,104592,105.75,109.09,99.34
2020-03-23,102.47,62389,102.31,104.31,96.53
2020-03-24,106.89,75011,105.92,107.33,103.05
2020-03-25,104.13,86101,107.58,108.76,103.05
2020-03-26,110.54,71869,105.0,111.64,105.0
2020-03-27,106.31,75168,107.32,109.36,104.55
2020-03-30,110.24,71227,107.2,110.67,104.67
2020-03-31,118.1,120602,109.99,118.175,109.99
2020-04-01,113.39,79947,115.05,116.63,108.644
2020-04-02,114.49,37993,112.24,117.86,111.5
2020-04-03,112.23,42898,113.44,115.6,109.39
2020-04-06,116.03,67475,117.56,117.56,112.49
2020-04-07,117.71,54536,117.78,119.8,115.11
2020-04-08,123.0,58767,119.39,124.6,118.74
2020-04-09,125.42,52398,124.85,127.33,122.8181
2020-04-13,122.09,49056,124.3,124.3,119.57
2020-04-14,126.5,76342,126.02,127.605,124.83
2020-04-15,122.6,59789,121.62,124.9,120.49
2020-04-16,124.13,59704,122.79,125.46,122.07
2020-04-17,126.53,72015,127.23,127.42,125.45
2020-04-20,126.92,46043,124.06,127.36,123.0
2020-04-21,122.71,67763,124.06,124.52,121.655
2020-04-22,125.01,54757,124.48,126.21,123.39
2020-04-23,125.98,58561,125.62,127.58,124.0
2020-04-24,125.55,36438,125.96,127.48,124.645
2020-04-27,129.23,66569,127.27,131.3,126.998
2020-04-28,128.85,85510,129.9,131.015,127.8
2020-04-29,127.48,161467,130.08,130.08,123.2
2020-04-30,126.33,88937,125.71,128.835,125.25
2020-05-01,122.59,66446,123.66,124.175,120.965
2020-05-04,118.55,91058,122.19,122.19,117.14
2020-05-05,120.81,57774,120.36,123.865,119.8
2020-05-06,122.0,62702,121.08,123.43,120.81
2020-05-07,123.48,70784,123.58,124.75,122.64
2020-05-08,124.67,110371,125.38,125.75,121.615
2020-05-11,123.82,78838,124.9,125.575,123.45
2020-05-12,120.11,69686,124.23,124.23,119.63
2020-05-13,114.95,56791,119.57,119.57,114.75
2020-05-14,113.21,124783,112.07,113.56,109.64
2020-05-15,115.58,184166,113.39,117.11,110.235
2020-05-18,120.13,87074,118.81,120.7,118.81
2020-05-19,119.06,90576,120.74,122.675,118.79
2020-05-20,121.24,59917,120.8,121.96,118.24
2020-05-21,120.72,100879,120.4,122.05,119.62
2020-05-22,122.37,79903,121.36,122.47,120.68
2020-05-26,124.71,101192,124.0,124.98,122.845
2020-05-27,125.92,63173,126.34,126.65,124.04
2020-05-28,125.34,76622,126.78,127.35,124.86
2020-05-29,124.48,75040,124.45,125.135,123.9
2020-06-01,122.6,75094,124.99,124.99,122.6
2020-06-02,121.09,101877,122.45,122.88,120.305
2020-06-03,129.63,77609,122.51,130.48,121.78
2020-06-04,125.3,61917,128.04,128.74,123.62
2020-06-05,125.21,54983,128.43,128.7,124.82
2020-06-08,126.36,69599,125.52,127.825,123.61
2020-06-09,125.68,38827,125.03,126.31,123.13
2020-06-10,123.92,54060,125.9,125.9,123.05
2020-06-11,117.34,68246,121.54,121.9,116.99
2020-06-12,118.02,65247,120.29,121.935,115.76
2020-06-15,122.67,110793,115.78,123.89,115.08
2020-06-16,121.96,42208,125.79,126.13,121.11
2020-06-17,121.73,49855,122.75,122.75,120.14
2020-06-18,119.46,86501,120.59,121.43,118.27
2020-06-19,118.19,488143,120.86,120.86,115.69
2020-06-22,118.71,63872,119.01,119.99,117.47
2020-06-23,117.54,49682,119.27,119.58,117.22
2020-06-24,114.38,56408,117.07,117.07,114.05
2020-06-25,117.79,58394,113.83,117.91,113.55
2020-06-26,116.0,133150,116.89,117.25,114.15
2020-06-29,118.5,45298,117.19,119.66,117.18
2020-06-30,118.29,47688,118.05,119.77,117.66
2020-07-01,117.8,41159,117.79,119.97,117.67
2020-07-02,117.35,50285,118.65,119.43,117.0
2020-07-06,119.75,80225,118.83,120.68,117.92
2020-07-07,118.09,48719,119.62,121.02,117.75
2020-07-08,118.22,93409,117.57,118.24,116.81
2020-07-09,117.37,39469,117.89,118.38,116.0901
2020-07-10,117.66,47809,117.65,118.66,117.18
2020-07-13,115.79,68142,118.11,119.78,115.68
2020-07-14,116.66,108021,116.29,117.41,114.21
2020-07-15,120.45,80299,118.05,121.435,117.86
2020-07-16,118.46,61174,119.57,119.57,117.85
2020-07-17,118.34,40088,118.05,119.72,117.23
2020-07-20,120.51,31424,118.1,121.42,118.1
2020-07-21,121.04,72928,121.48,122.0,120.04
2020-07-22,121.21,41701,121.06,122.51,119.94
2020-07-23,119.76,49900,120.69,122.585,119.34
2020-07-24,116.95,54504,118.87,119.2417,116.32
2020-07-27,117.66,67761,117.55,118.55,116.2575
2020-07-28,117.81,67054,117.06,119.25,115.87
2020-07-29,122.74,143840,123.99,127.26,118.65
2020-07-30,122.15,55994,120.73,122.96,120.545
2020-07-31,123.92,82435,121.7,124.26,120.0
2020-08-03,123.66,52622,124.37,124.37,122.48
2020-08-04,123.32,50223,123.12,123.39,121.835
2020-08-05,123.95,52301,124.11,125.17,123.34
2020-08-06,123.35,34808,123.8,123.9,122.15
2020-08-07,123.39,36962,123.0,124.01,122.34
2020-08-10,123.62,47253,123.38,124.41,122.38
2020-08-11,134.89,333892,141.99,145.4285,134.79
2020-08-12,137.04,180722,135.02,140.75,135.02
2020-08-13,137.0,75216,138.48,139.345,136.85
2020-08-14,146.63,285787,137.62,146.75,137.5
2020-08-17,143.84,229509,148.01,151.7,141.84
2020-08-18,143.14,121824,144.44,145.98,141.75
2020-08-19,141.67,156009,143.39,143.39,139.715
2020-08-20,144.14,100674,141.75,145.06,141.75
2020-08-21,145.08,73464,144.4,145.92,143.54
2020-08-24,148.58,87993,146.5,149.28,145.36
2020-08-25,146.96,116505,148.7,150.29,146.55
2020-08-26,146.06,82004,148.68,148.96,145.765
2020-08-27,146.52,76087,147.33,147.62,144.14
2020-08-28,146.89,83857,147.49,150.46,146.68
2020-08-31,144.44,80291,147.26,147.9604,143.99
2020-09-01,148.82,86349,145.01,149.105,145.01
2020-09-02,150.0,100483,148.46,151.23,147.74
2020-09-03,144.28,78995,148.75,148.75,143.91
2020-09-04,142.19,124827,144.41,144.41,136.89
2020-09-08,138.82,88391,140.61,143.15,138.82
2020-09-09,141.15,140742,139.83,142.355,139.0
2020-09-10,139.72,148661,141.72,143.09,139.44
2020-09-11,141.13,116403,140.87,141.405,138.84
2020-09-14,142.62,69505,141.63,143.04,140.21
2020-09-15,155.75,262123,145.0,155.99,143.81
2020-09-16,174.9,459669,158.94,176.5597,157.75
2020-09-17,163.61,179800,173.4,173.4,162.59
2020-09-18,159.59,346967,165.52,166.169,157.44
2020-09-21,152.16,159700,157.7,157.7,149.205
2020-09-22,154.25,89660,153.37,154.65,149.3869
2020-09-23,148.28,111653,153.8,154.77,148.11
2020-09-24,146.06,122185,147.38,148.06,144.6
2020-09-25,146.13,169274,146.17,146.96,144.99
2020-09-28,151.46,144397,148.45,153.41,148.45
2020-09-29,149.69,62397,150.67,151.1,148.08
2020-09-30,150.56,82379,150.22,153.07,149.86
2020-10-01,148.96,69417,150.66,152.71,148.55
2020-10-02,146.46,110268,146.32,149.95,145.16
2020-10-05,148.21,49543,147.73,149.74,146.9
2020-10-06,150.04,91234,149.32,154.3539,149.23
2020-10-07,153.09,51780,151.0,153.44,150.825
2020-10-08,163.94,167974,155.33,164.7899,155.33
2020-10-09,164.73,102061,164.59,165.53,160.65
2020-10-12,166.46,88152,167.16,169.4,164.3
2020-10-13,166.08,58563,165.6,166.54,164.03
2020-10-14,164.24,53952,166.39,167.84,162.8
2020-10-15,165.97,53103,162.43,166.87,162.33
2020-10-16,164.7,38491,165.98,167.36,164.69
2020-10-19,164.14,87303,165.6,167.68,163.43
2020-10-20,169.07,311610,164.56,172.35,164.04
2020-10-21,181.05,273527,174.89,185.75,174.89
2020-10-22,183.05,178326,185.49,186.21,178.0
2020-10-23,184.3,120388,183.27,184.97,181.1904
2020-10-26,175.0,168813,184.48,187.0,172.53
2020-10-27,175.58,170670,176.03,179.0,172.53
2020-10-28,162.15,387373,180.0,182.4527,161.6
2020-10-29,161.96,183667,162.39,167.07,161.73
2020-10-30,167.07,236074,161.96,167.25,159.54
2020-11-02,166.57,125655,168.91,169.23,162.5
2020-11-03,171.95,91004,169.76,172.61,167.78
2020-11-04,172.53,110354,172.95,178.36,171.44
2020-11-05,181.68,173155,178.5,183.601,177.8506
2020-11-06,185.62,158496,183.79,186.18,177.5
2020-11-09,185.005,311078,183.99,187.27,181.74
2020-11-10,186.14,169547,184.58,189.69,184.0
2020-11-11,192.16,133040,188.16,193.22,187.25
2020-11-12,186.94,177169,195.36,196.08,185.64
2020-11-13,192.27,164918,188.48,193.91,186.56
2020-11-16,203.93,202028,194.33,204.3699,192.2075
2020-11-17,208.2,196300,204.15,209.68,199.56
2020-11-18,212.96,378041,211.79,226.85,211.79
2020-11-19,217.11,143274,212.0,218.97,209.11
2020-11-20,222.11,212054,217.42,227.0,216.2
2020-11-23,220.76,201115,227.0,227.0,214.37
2020-11-24,247.23,1124975,225.7,248.835,222.41
2020-11-25,270.275,885114,254.3,277.22,252.02
2020-11-27,271.26,561902,255.0,280.0,253.5106
2020-11-30,342.77,1565014,300.3,347.5,299.0
2020-12-01,324.0,799410,324.0,358.94,316.86
2020-12-02,321.32,408088,323.0,330.0,310.54
2020-12-03,331.6,254413,327.84,332.79,322.06
2020-12-04,328.0,296786,326.618,337.21,317.38
2020-12-07,336.22,353995,330.07,349.72,325.53
2020-12-08,289.45,1491236,317.0,318.0,288.1101
2020-12-09,286.21,1324136,284.12,291.14,274.09
2020-12-10,290.33,505230,285.17,291.77,282.38
2020-12-11,285.92,375883,289.95,295.253,279.44
2020-12-14,279.53,830579,298.93,300.0,276.38
2020-12-15,285.79,541028,283.71,289.83,277.3901
2020-12-16,299.12,1119180,312.7,315.0,298.0
2020-12-17,297.8,1249303,321.0,322.325,293.29
2020-12-18,301.2,1323145,295.0,304.0,287.17
2020-12-21,317.6,712907,297.63,322.0,295.02
2020-12-22,331.5,642177,326.99,335.93,320.37
2020-12-23,337.18,594057,334.67,343.2,325.16
2020-12-24,322.61,252613,337.0,338.8279,320.36
2020-12-28,370.0,1097712,367.29,379.99,354.02
2020-12-29,366.07,735173,367.0,371.24,344.0
2020-12-30,389.97,935241,377.0,399.82,371.0
2020-12-31,388.55,739612,391.02,399.9798,377.115
2021-01-04,425.22,1467902,416.33,444.39,410.01
2021-01-05,428.63,1100624,421.05,438.4,406.5101
2021-01-06,480.55,1536031,430.84,483.0199,430.84
2021-01-07,535.75,2284405,521.32,559.8599,502.11
2021-01-08,531.64,1645387,565.07,568.66,513.315
2021-01-11,495.49,1485644,472.14,511.9845,464.51
2021-01-12,514.24,671766,502.78,519.95,488.51
2021-01-13,519.26,617458,500.73,523.99,492.34
2021-01-14,631.0,1911776,542.61,631.6,538.6234
2021-01-15,578.07,1608899,607.1,622.84,574.0
2021-01-19,592.21,1037770,616.53,621.45,579.0001
2021-01-20,550.82,1231661,579.25,589.0,532.0
2021-01-21,520.46,1178470,514.05,532.55,504.6
2021-01-22,577.03,1133276,525.01,582.5,525.0
2021-01-25,571.42,683352,590.3,599.0808,551.14
2021-01-26,559.81,478917,555.0,564.6484,546.0
2021-01-27,540.1,656377,533.23,549.465,505.7
2021-01-28,578.375,763046,561.3,605.33,551.51
2021-01-29,617.31,1435419,680.0,696.4763,607.5001
2021-02-01,634.56,555500,620.34,639.86,586.0501
2021-02-02,687.92,534278,650.01,691.28,638.17
2021-02-03,741.19,921189,701.64,753.83,695.99
2021-02-04,765.59,636503,770.9,771.2282,717.5
2021-02-05,806.0,766672,771.18,806.01,745.02
2021-02-08,1041.0,2099774,925.83,1049.9999,890.01
2021-02-09,1272.94,2319709,1137.74,1315.0,1065.407
2021-02-10,974.48,2297254,1196.01,1199.0,950.36
2021-02-11,1009.94,1613156,1137.2,1139.92,977.02
2021-02-12,1034.31,767428,1015.59,1044.889,961.01
2021-02-16,955.0,1501720,1070.84,1082.5678,954.23
2021-02-17,941.8,1819232,939.5,954.0,878.0
2021-02-18,927.78,794351,926.9,960.0,902.06
2021-02-19,963.72,1153063,945.0,1008.0,914.59
2021-02-22,876.0,765921,871.0,932.28,865.0
2021-02-23,691.23,1875495,800.01,801.575,660.0
2021-02-24,817.69,1200483,734.0,822.145,715.8801
2021-02-25,731.61,784061,840.94,845.0,726.1001
2021-02-26,750.41,1178360,687.12,804.06,681.14
2021-03-01,782.44,768038,798.4,804.9999,758.88
2021-03-02,748.5,643986,815.1,817.4864,741.0721
2021-03-03,731.57,772060,781.78,798.0,727.81
2021-03-04,645.66,1220614,712.98,737.99,610.0001
2021-03-05,620.24,1354751,657.65,663.0,537.22
2021-03-08,624.19,672108,645.01,669.455,617.0
2021-03-09,715.99,873612,686.57,735.48,681.75
2021-03-10,756.55,643018,750.0,759.03,711.0
2021-03-11,803.75,528490,775.0,805.0,761.1271
2021-03-12,784.0,467552,759.8,810.0,750.03
2021-03-15,769.01,440709,788.33,809.0,763.665
2021-03-16,724.29,415118,758.79,770.0,701.4328
2021-03-17,770.99,543167,702.23,785.07,698.27
2021-03-18,732.05,621890,754.52,808.99,728.01
2021-03-19,777.04,956532,749.53,785.27,714.5391
2021-03-22,724.56,498810,767.2,775.0,721.5
2021-03-23,677.21,716858,716.81,735.3513,670.01
2021-03-24,621.57,706825,705.32,710.4996,615.22
2021-03-25,620.91,881584,580.695,626.415,566.0
2021-03-26,624.0,524138,626.0,642.3,600.38
2021-03-29,631.34,443114,658.86,662.93,627.23
2021-03-30,653.98,562573,642.46,666.7999,620.31
2021-03-31,678.8,561452,647.61,694.21,641.38
2021-04-01,703.56,402392,688.46,725.83,687.4575
2021-04-05,720.55,485878,709.75,736.035,693.29
2021-04-06,704.58,593660,721.19,721.19,676.9901
2021-04-07,656.2,452242,678.0,695.5662,652.0
2021-04-08,690.12,436117,670.7,702.7124,664.3837
2021-04-09,711.0,344677,709.99,720.0,689.4595
2021-04-12,718.24,481222,735.19,745.94,704.85
2021-04-13,848.54,1702178,745.0,869.99,734.7901
2021-04-14,735.5,1582494,880.98,882.1,730.0
2021-04-15,740.15,686336,753.17,754.9401,709.0
2021-04-16,693.62,762793,707.1,720.0,685.0
2021-04-19,637.52,879887,650.04,665.0,623.5
2021-04-20,646.45,552404,639.0,648.0,614.0
2021-04-21,650.46,417934,628.4,665.46,628.4
2021-04-22,598.2,715286,642.01,650.5,594.0
2021-04-23,613.04,661892,575.89,618.4,569.0
2021-04-26,658.82,479103,636.76,659.8,628.0
2021-04-27,676.99,511298,673.0,684.9999,655.0
2021-04-28,680.82,297281,673.6,689.0,665.5
2021-04-29,655.01,439746,665.0,675.0,637.91
2021-04-30,657.16,559691,647.02,675.0,646.32
2021-05-03,635.62,464491,673.97,673.97,634.39
2021-05-04,616.88,514625,619.51,628.0,598.888
2021-05-05,623.45,497475,630.0,651.99,608.9001
2021-05-06,609.08,355195,612.88,622.7699,587.01
2021-05-07,620.46,363527,608.97,631.8,608.33
2021-05-10,569.46,522685,615.86,615.86,566.47
2021-05-11,576.96,662950,535.0,584.99,525.2801
2021-05-12,541.88,421648,556.28,577.8,538.64
2021-05-13,488.08,939140,511.2,542.97,478.0701
2021-05-14,521.31,561638,501.26,523.62,492.0
2021-05-17,489.35,802627,484.0,499.5103,468.8801
2021-05-18,487.2,598229,488.91,504.26,470.57
2021-05-19,454.86,1505423,422.85,458.49,411.5801
2021-05-20,472.66,861418,477.66,493.0,457.28
2021-05-21,450.52,853043,471.73,487.6699,447.77
2021-05-24,472.45,757483,465.0,478.26,447.2493
2021-05-25,469.67,672234,464.0,479.88,458.2101
2021-05-26,482.79,542562,477.34,495.99,476.54
2021-05-27,493.85,503944,492.0,502.0605,485.0654
2021-05-28,470.0,485877,482.0,482.92,467.64
2021-06-01,477.76,432470,471.24,484.66,468.98
2021-06-02,498.5,352970,483.0,501.3,478.72
2021-06-03,488.64,395476,501.2,501.98,484.0
2021-06-04,484.67,317176,481.7,485.99,474.0
2021-06-07,469.81,610393,482.5,488.55,464.07
2021-06-08,459.38,1091702,458.0,461.89,427.93
2021-06-09,512.99,1482230,470.0,515.67,455.5901
2021-06-10,508.65,953715,512.39,529.87,495.9101
2021-06-11,516.44,500371,513.0,520.97,504.0
2021-06-14,598.49,1557285,544.0,605.69,544.0
2021-06-15,630.54,1310027,602.05,635.82,589.17
2021-06-16,619.82,1039496,616.65,639.88,608.84
2021-06-17,630.81,884759,617.4,642.0,612.55
2021-06-18,646.46,1543717,616.0,647.65,615.5204
2021-06-21,583.67,1378056,599.17,614.0,577.0001
2021-06-22,553.72,2566987,535.01,564.2,513.0201
2021-06-23,553.0,1055751,579.48,586.56,551.225
2021-06-24,581.88,793457,570.0,590.0,561.0001
2021-06-25,550.05,1004665,567.46,571.21,539.81
2021-06-28,624.17,1729775,570.33,629.51,565.8669
2021-06-29,668.99,1613625,650.0,692.99,647.0
2021-06-30,664.5,858918,645.01,669.0,637.43
2021-07-01,650.86,587353,650.59,657.24,637.12
2021-07-02,635.61,528608,658.97,661.92,634.26
2021-07-06,634.29,486219,652.08,653.52,621.29
2021-07-07,639.86,451102,645.0,647.17,623.213
2021-07-08,618.44,518028,603.0,625.2724,594.69
2021-07-09,628.66,393961,621.9,635.93,615.2
2021-07-12,588.69,826254,632.25,632.42,585.21
2021-07-13,579.88,717562,585.57,597.0,572.95
2021-07-14,560.43,627462,585.0,590.44,560.41
2021-07-15,541.04,733778,547.0,559.95,525.07
2021-07-16,523.09,609055,543.9,546.38,520.5201
2021-07-19,498.72,728729,507.66,522.49,492.0
2021-07-20,501.78,734501,487.99,505.875,472.3801
2021-07-21,556.94,1099445,540.0,569.812,528.27
2021-07-22,555.94,711199,555.42,568.06,535.01
2021-07-23,539.71,574890,558.42,565.89,533.3906
2021-07-26,682.5,2016907,621.0,695.0,620.26
2021-07-27,630.61,969865,663.75,677.51,622.27
2021-07-28,646.65,1082459,663.95,677.0,632.195
2021-07-29,625.01,579546,641.93,648.6,619.37
2021-07-30,626.01,632598,615.57,635.48,606.91
2021-08-02,637.79,1255056,622.59,659.0,615.0901
2021-08-03,625.06,844424,634.62,634.62,605.13
2021-08-04,670.93,1001461,630.28,675.0,630.01
2021-08-05,715.62,1166539,643.5854,729.68,633.7038
2021-08-06,748.72,1312031,720.0,750.99,701.3
2021-08-09,767.73,1421349,796.3113,797.9999,762.7
2021-08-10,750.49,796718,766.63,777.0151,744.18
2021-08-11,747.49,728294,762.24,770.8799,740.11
2021-08-12,720.99,720711,724.72,730.8,712.4001
2021-08-13,728.0,657357,745.0,753.89,726.1
2021-08-16,697.51,672785,740.0,741.0,692.21
2021-08-17,663.69,661512,691.07,700.0,657.48
2021-08-18,655.05,547269,659.12,678.0,652.68
2021-08-19,676.26,672726,646.34,678.6,641.43
2021-08-20,716.56,982061,686.17,727.9899,683.0101
2021-08-23,718.51,813849,741.9,747.7799,710.06
2021-08-24,715.5,811350,717.93,717.93,691.2201
2021-08-25,726.71,664869,714.65,735.1,705.0
2021-08-26,693.66,571450,712.0,714.5,691.55
2021-08-27,707.2,810876,699.5,721.09,695.05
2021-08-30,702.99,528762,702.59,708.32,693.97
2021-08-31,694.3,530724,702.33,705.0,687.09
2021-09-01,702.5,825235,700.0,716.9999,691.01
2021-09-02,695.71,736001,722.89,732.6599,695.0
2021-09-03,712.26,738023,716.1,728.0,703.5
2021-09-07,648.01,1809180,699.0,702.0,644.78
2021-09-08,638.62,821844,648.1,658.94,630.63
2021-09-09,640.62,650699,645.1,653.8207,632.38
2021-09-10,615.57,682942,638.15,644.36,612.03
2021-09-13,642.7,933059,609.0,642.73,600.3113
2021-09-14,618.48,572643,645.0,651.0138,612.92
2021-09-15,633.0,564850,628.0,642.3699,620.5112
2021-09-16,633.0,510676,632.12,633.23,611.48
2021-09-17,614.29,2156633,633.0,634.5299,612.03
2021-09-20,588.39,775517,574.42,593.0999,568.29
2021-09-21,581.02,463314,588.87,594.22,576.0
2021-09-22,599.61,378106,589.35,604.97,584.797
2021-09-23,616.57,397587,606.73,617.76,598.6661
2021-09-24,599.39,468339,580.0,602.3299,575.0
2021-09-27,594.75,275558,603.25,606.0,589.7301
2021-09-28,573.51,338243,585.25,589.9999,571.58
2021-09-29,566.32,292843,580.71,586.47,565.26
2021-09-30,578.4,317200,582.12,597.35,574.4
2021-10-01,612.46,511167,615.61,615.61,592.26
2021-10-04,607.25,435521,611.48,613.63,582.79
2021-10-05,651.01,449027,620.32,652.51,612.8001
2021-10-06,673.81,712312,670.0,682.3899,650.0
2021-10-07,692.79,502859,665.0,693.8352,663.68
2021-10-08,708.82,686242,699.17,712.7899,690.49
2021-10-11,731.8,577143,720.0,751.9924,718.25
2021-10-12,710.65,413309,728.44,739.6228,701.9401
2021-10-13,726.3,292119,710.0,727.41,703.49
2021-10-14,723.95,279869,738.67,740.9161,718.54
2021-10-15,749.85,732273,739.99,761.9799,734.0
2021-10-18,739.64,583025,748.0,757.38,738.0786
2021-10-19,727.25,748591,742.2481,750.6995,701.01
2021-10-20,758.18,737936,735.0,777.07,731.57
2021-10-21,735.43,465296,752.87,759.5259,729.57
2021-10-22,718.52,368564,731.43,738.5,707.0
2021-10-25,746.02,380734,736.45,755.485,733.0
2021-10-26,734.86,323186,740.32,754.714,732.46
2021-10-27,715.02,364730,720.0,728.82,709.58
2021-10-28,717.13,671385,728.94,748.0202,708.0
2021-10-29,715.06,698312,724.1,737.18,691.41
2021-11-01,736.12,440771,721.0,745.265,711.19
2021-11-02,794.14,1487427,756.96,841.0,741.0
2021-11-03,810.25,665876,781.59,817.634,778.17
2021-11-04,800.0,376849,810.0,828.7422,790.0
2021-11-05,797.51,618797,803.87,812.05,779.1
2021-11-08,860.0,717797,841.99,873.185,840.28
2021-11-09,859.01,531212,884.5,891.3799,835.01
2021-11-10,816.34,557166,880.0,880.0,803.68
2021-11-11,818.36,288125,812.33,837.04,807.0
2021-11-12,811.73,463242,811.02,812.5799,785.8567
2021-11-15,795.0,391478,819.96,819.96,781.3401
2021-11-16,752.02,493723,768.5,779.9978,748.4132
2021-11-17,753.0,357558,763.6,765.0,737.0
2021-11-18,727.36,501342,750.51,750.51,716.97
2021-11-19,718.31,434593,735.12,739.0,718.0
2021-11-22,690.02,400195,724.71,725.81,688.39
2021-11-23,696.77,346266,694.27,708.99,680.73
2021-11-24,700.9,555500,688.0,703.99,681.0
2021-11-26,663.0,372211,681.29,681.29,655.0
2021-11-29,695.48,586958,690.0,704.52,671.32
2021-11-30,721.43,664003,698.25,726.6,690.0
2021-12-01,705.47,765945,732.64,743.99,700.0
2021-12-02,683.36,499533,691.52,711.85,667.06
2021-12-03,630.99,809127,675.93,683.8937,616.24
2021-12-06,596.47,639588,594.92,604.01,565.73
2021-12-07,628.17,396536,621.0,647.1899,621.0
2021-12-08,636.54,227042,623.67,641.5,612.0001
2021-12-09,591.88,376084,621.5,625.275,587.44
2021-12-10,600.84,351370,613.61,619.53,581.35
2021-12-13,571.64,375793,594.95,594.99,565.5601
2021-12-14,580.38,364585,565.0,584.5,556.54
2021-12-15,598.59,528887,577.61,603.0,548.0
2021-12-16,566.94,401754,595.72,602.0785,559.66
2021-12-17,571.58,746767,553.55,580.84,528.81
2021-12-20,546.39,343831,552.82,563.645,543.0
2021-12-21,567.5,282657,567.7,574.76,556.78
2021-12-22,569.99,271352,568.36,578.5199,562.0
2021-12-23,597.21,545107,568.3,599.9999,563.01
2021-12-27,608.28,312890,600.0,621.5166,598.4
2021-12-28,567.97,345974,590.0,590.2343,562.6201
2021-12-29,556.09,277107,566.96,569.855,551.24
2021-12-30,562.34,316419,555.88,575.45,555.88
2021-12-31,544.49,336334,566.9,575.0,543.325
2022-01-03,558.26,346850,550.61,561.33,543.0
2022-01-04,551.07,394727,560.15,576.26,535.02
2022-01-05,509.1,547029,541.76,552.51,507.49
2022-01-06,498.62,484509,500.0,508.5,477.815
2022-01-07,482.95,425830,490.9,500.0,471.21
2022-01-10,481.95,559925,463.69,482.26,448.25
2022-01-11,506.56,474170,482.3,513.08,474.17
2022-01-12,514.64,362256,524.0,529.9799,510.72
2022-01-13,489.59,325088,521.85,527.6899,487.512
2022-01-14,499.56,264524,484.17,502.6199,481.8351
2022-01-18,468.28,409183,484.8,489.56,466.615
2022-01-19,460.42,422425,482.79,491.99,458.463
2022-01-20,457.53,439258,467.09,490.87,455.5
2022-01-21,375.89,1570693,422.84,434.075,365.985
2022-01-24,370.45,1506092,320.0,373.0,319.005
2022-01-25,365.05,831940,369.99,379.4,355.0
2022-01-26,353.65,789178,393.6603,393.6603,345.95
2022-01-27,319.45,873740,360.0,360.0,317.59
2022-01-28,338.95,814328,328.69,342.1,307.19
2022-01-31,368.01,762950,337.88,370.795,332.9501
2022-02-01,373.0,640593,382.86,390.95,362.6885
2022-02-02,348.84,740209,366.74,368.69,336.0358
2022-02-03,340.09,553598,340.0,356.845,331.96
2022-02-04,391.64,944001,340.76,398.58,339.74
2022-02-07,413.47,1087380,404.5118,433.3297,404.0
2022-02-08,425.43,488911,408.75,426.73,403.475
2022-02-09,446.6,398857,430.0,446.6,422.2
2022-02-10,431.48,623607,439.5,463.04,424.535
2022-02-11,411.01,497170,430.11,443.65,405.5
2022-02-14,409.49,342434,414.7,429.4899,405.0
2022-02-15,437.24,314477,431.01,438.276,424.495
2022-02-16,434.98,330447,428.52,437.51,416.03
2022-02-17,404.6,375348,420.23,423.3,401.88
2022-02-18,395.97,469420,404.59,407.46,385.22
2022-02-22,377.7,467235,375.814,390.0,368.04
2022-02-23,365.03,365579,390.5,393.2,363.0
2022-02-24,396.96,731257,340.24,399.4,336.84
2022-02-25,405.0,406994,403.0,412.0,392.58
2022-02-28,443.0,598223,401.57,447.1245,401.57
2022-03-01,464.73,657143,465.12,473.048,449.69
2022-03-02,459.29,402804,454.82,469.69,450.9251
2022-03-03,428.7,318433,455.1,460.1497,426.12
2022-03-04,410.36,341061,425.0,433.62,407.06
2022-03-07,388.91,472165,415.1,425.0,388.43
2022-03-08,410.36,443191,394.98,425.0,393.61
2022-03-09,436.75,458138,442.0,454.45,434.2365
2022-03-10,421.13,291989,415.0,422.9799,406.4688
2022-03-11,390.82,353877,427.0,429.18,390.4868
2022-03-14,369.93,493190,389.95,392.88,363.91
2022-03-15,396.14,378014,369.07,396.15,363.2001
2022-03-16,428.78,569388,400.17,429.49,398.745
2022-03-17,434.09,339787,427.98,442.1,425.0
2022-03-18,454.28,710376,435.82,456.9,431.92
2022-03-21,436.48,350236,451.07,454.5,430.2944
2022-03-22,459.95,434394,450.16,467.7,448.83
2022-03-23,450.69,253649,455.16,470.305,447.0
2022-03-24,483.92,438996,459.66,484.735,451.0
2022-03-25,472.42,412675,493.7,493.9337,460.935
2022-03-28,510.0,426523,496.04,512.33,488.0
2022-03-29,520.0,363874,510.0,522.8028,495.3689
2022-03-30,500.69,278395,506.2,516.0,497.0401
2022-03-31,486.32,332957,504.93,506.5509,485.61
2022-04-01,490.98,270778,489.56,498.0,478.8
2022-04-04,501.26,266807,491.72,503.3,488.55
2022-04-05,487.28,454043,508.57,508.57,471.22
2022-04-06,455.11,430678,472.92,476.85,447.595
2022-04-07,463.61,342671,455.5,467.7,446.0
2022-04-08,453.24,274854,459.08,470.6,452.81
2022-04-11,436.39,356683,441.22,447.505,425.03
2022-04-12,443.45,492267,448.0,476.07,437.49
2022-04-13,463.58,261313,441.25,466.59,441.25
2022-04-14,449.19,256701,464.02,469.75,446.4301
2022-04-18,445.89,252258,447.8,452.16,431.31
2022-04-19,471.14,284776,450.0,471.17,443.0
2022-04-20,449.03,282080,476.6,477.28,446.45
2022-04-21,427.86,416303,461.02,471.87,425.805
2022-04-22,409.08,354270,424.92,436.98,408.0
2022-04-25,428.0,329311,405.08,428.0,403.98
2022-04-26,391.01,374904,426.0,427.435,390.3401
2022-04-27,385.78,307271,393.2,405.96,383.65
2022-04-28,400.49,405330,393.0,404.06,369.65
2022-04-29,354.17,547978,393.0,410.0,353.0
2022-05-02,365.91,516005,356.01,369.5299,343.71
2022-05-03,343.4,475197,364.0,368.94,340.09
2022-05-04,366.44,810443,350.01,368.62,325.25
2022-05-05,314.52,859421,356.62,357.335,305.6
2022-05-06,294.24,1208384,309.06,310.0,282.545
2022-05-09,219.05,1928031,271.25,271.25,214.12
2022-05-10,225.52,1705060,239.59,249.52,208.37
2022-05-11,168.2,3618764,200.0,217.76,165.0
2022-05-12,171.18,4692910,153.19,205.2622,134.09
2022-05-13,204.57,2523357,202.06,220.0,193.295
2022-05-16,201.51,1008896,200.0,208.405,193.01
2022-05-17,224.87,1017055,210.0,225.96,205.04
2022-05-18,197.44,995257,216.88,223.8809,195.54
2022-05-19,210.77,801485,204.79,220.32,198.049
2022-05-20,202.75,919301,214.52,219.4899,189.0
2022-05-23,204.37,898450,211.64,215.0,198.3
2022-05-24,193.01,806676,200.6,201.33,184.4
2022-05-25,198.12,539064,190.73,203.43,190.29
2022-05-26,216.1,967847,180.22,220.71,176.1
2022-05-27,219.39,970587,220.28,233.87,212.8
2022-05-31,264.69,1552696,235.17,272.88,228.52
2022-06-01,238.14,871042,261.35,267.0,233.0
2022-06-02,244.46,596021,232.82,250.8,231.8177
2022-06-03,227.22,499226,239.38,239.38,223.55
2022-06-06,235.44,585377,243.95,248.77,232.36
2022-06-07,240.0,666669,221.7,242.4916,218.081
2022-06-08,232.89,310777,236.88,246.99,232.1943
2022-06-09,217.76,524283,231.33,233.5259,216.3607
2022-06-10,203.36,784991,211.89,213.86,197.8
2022-06-13,152.15,3677472,149.31,167.98,143.9
2022-06-14,156.87,1892626,149.01,168.68,145.3
2022-06-15,171.34,1877015,160.25,176.88,156.1
2022-06-16,161.34,1140337,160.87,167.0346,154.46
2022-06-17,167.6,1230167,158.03,168.56,157.51
2022-06-21,178.96,1134702,170.94,194.8223,169.98
2022-06-22,170.91,751525,177.25,187.0,168.28
2022-06-23,188.31,669075,177.0,189.03,168.93
2022-06-24,205.44,996455,195.0,207.99,194.0
2022-06-27,196.73,768542,202.51,206.125,184.99
2022-06-28,186.12,634571,197.64,203.7,184.71
2022-06-29,179.69,762099,180.3,184.23,172.51
2022-06-30,164.3,779187,172.8,175.42,162.73
2022-07-01,166.77,785509,167.97,172.17,161.39
2022-07-05,187.68,811426,165.84,188.385,160.02
2022-07-06,188.3,635974,185.76,193.585,183.17
2022-07-07,219.51,1195844,190.7,220.52,189.8203
2022-07-08,221.28,1152279,213.12,236.2805,206.68
2022-07-11,200.9,697762,210.35,213.3,198.0
2022-07-12,192.52,588617,196.52,203.35,188.15
2022-07-13,195.55,564100,186.75,203.27,182.445
2022-07-14,204.59,722793,193.29,205.4794,186.88
2022-07-15,213.98,488680,209.0,214.19,202.29
2022-07-18,225.63,1067576,230.12,246.565,224.25
2022-07-19,267.17,1180976,239.43,268.8,230.33
2022-07-20,288.77,1617881,278.5,299.5,271.51
2022-07-21,289.71,809980,279.04,290.5,271.38
2022-07-22,281.92,654291,294.06,298.0431,273.92
2022-07-25,265.86,482563,267.02,275.6,262.01
2022-07-26,237.64,662628,248.83,255.98,235.68
2022-07-27,262.4,708902,247.28,268.15,241.25
2022-07-28,275.72,593416,260.0,276.82,255.56
2022-07-29,286.06,615681,270.0,287.97,267.57
2022-08-01,275.74,520263,276.53,287.5,271.46
2022-08-02,278.26,606100,280.89,295.24,275.74
2022-08-03,313.68,1250238,283.76,324.55,283.4115
2022-08-04,309.31,892235,319.89,332.23,304.53
2022-08-05,319.15,691355,308.74,330.97,305.44
2022-08-08,330.01,620655,335.65,351.94,327.445
2022-08-09,319.38,326793,320.0,326.531,314.25
2022-08-10,335.8,538141,347.0,347.0,327.5
2022-08-11,336.99,605390,355.0,361.97,330.06
2022-08-12,352.84,425450,336.99,353.3,331.0
2022-08-15,349.08,304985,346.46,358.3218,345.0001
2022-08-16,342.64,337940,344.48,350.2699,330.26
2022-08-17,325.2,329226,335.0,338.0,320.14
2022-08-18,324.38,244576,321.03,328.0,318.43
2022-08-19,283.0,757465,299.42,303.95,281.76
2022-08-22,268.09,450664,273.01,279.685,266.08
2022-08-23,265.8,531919,271.9,283.27,258.8329
2022-08-24,274.41,248508,265.7,276.71,263.98
2022-08-25,272.81,276413,277.86,280.4599,267.185
2022-08-26,249.2,604899,275.0,275.0,248.0
2022-08-29,244.96,492779,241.37,254.198,241.11
2022-08-30,240.23,494857,250.04,253.0,235.01
2022-08-31,231.56,937399,248.27,251.5,222.71
2022-09-01,220.92,568061,220.01,228.55,213.29
2022-09-02,218.06,423842,226.1,227.75,215.65
2022-09-06,204.25,800657,218.53,220.0,202.9
2022-09-07,218.61,563201,203.99,221.88,203.78
2022-09-08,234.5,528633,214.47,234.7,211.73
2022-09-09,261.97,916069,249.41,262.21,245.14
2022-09-12,262.98,899767,263.21,267.99,250.12
2022-09-13,231.25,811092,241.85,246.345,229.52
2022-09-14,225.99,540334,230.1,231.25,221.35
2022-09-15,216.94,843164,222.9,236.7,216.05
2022-09-16,206.34,995088,211.52,215.05,203.22
2022-09-19,206.2,818390,199.265,207.09,196.32
2022-09-20,196.6,761499,200.0,201.5,193.42
2022-09-21,195.92,662097,198.31,208.33,194.04
2022-09-22,192.32,760967,196.89,198.4299,186.23
2022-09-23,191.45,599534,188.7,191.92,183.49
2022-09-26,200.18,585385,191.82,205.5,191.5
2022-09-27,206.07,675389,212.84,219.22,201.0
2022-09-28,220.47,465566,207.6,221.86,207.5
2022-09-29,211.82,396669,214.25,216.31,205.55
2022-09-30,212.26,400763,208.51,226.04,207.11
2022-10-03,224.52,433490,213.9,228.42,212.14
2022-10-04,248.74,650714,235.84,249.12,235.0
2022-10-05,242.19,525063,240.94,245.75,232.44
2022-10-06,241.67,270192,242.19,249.1662,236.2501
2022-10-07,220.3,372593,234.0,236.0,217.66
2022-10-10,220.65,370944,219.62,231.86,215.26
2022-10-11,216.37,347303,221.21,227.2639,212.205
2022-10-12,218.38,268169,218.18,218.87,205.51
2022-10-13,220.54,592348,201.48,223.0,198.125
2022-10-14,209.31,389522,223.34,228.79,207.43
2022-10-17,221.13,334410,220.0,226.27,218.81
2022-10-18,235.0,610315,230.2,235.31,219.64
2022-10-19,226.08,271305,228.08,234.49,223.959
2022-10-20,221.01,267550,228.23,234.89,219.22
2022-10-21,232.62,362554,218.55,234.43,216.49
2022-10-24,237.6,351440,233.0,244.9399,226.36
2022-10-25,268.69,640242,240.0,270.0,240.0
2022-10-26,272.72,666307,269.55,290.0,266.88
2022-10-27,270.56,247287,276.73,279.0,265.0001
2022-10-28,279.99,432497,269.19,280.93,264.61
2022-10-31,267.51,351989,278.9,283.8799,260.45
2022-11-01,257.2,311315,275.95,278.4477,257.19
2022-11-02,248.23,642666,258.89,278.79,245.51
2022-11-03,248.44,261819,242.01,261.4,241.36
2022-11-04,277.1,671338,261.12,277.35,250.6333
2022-11-07,266.64,376025,271.41,273.8,260.0
2022-11-08,211.84,3123836,248.0,266.64,193.51
2022-11-09,170.36,2741898,195.0,209.06,168.5
2022-11-10,175.0,1909197,189.0,198.3799,172.925
2022-11-11,175.18,1644134,162.52,178.1009,155.3
2022-11-14,165.9,797012,171.31,179.1,164.35
2022-11-15,171.53,702802,174.0,177.47,165.13
2022-11-16,169.44,681889,163.53,170.48,160.0
2022-11-17,173.88,506563,165.65,175.4997,162.1301
2022-11-18,170.12,822971,177.0,177.1475,162.13
2022-11-21,157.22,907652,165.0,170.6542,152.3404
2022-11-22,167.08,585608,160.0,168.0,155.56
2022-11-23,176.39,480205,168.45,176.72,166.21
2022-11-25,183.0,263416,172.03,183.0,172.02
2022-11-28,176.67,660089,178.72,181.43,169.16
2022-11-29,182.0,543966,180.2,182.51,175.6389
2022-11-30,198.09,661209,189.2,198.32,181.0
2022-12-01,198.98,423579,197.19,206.531,196.0
2022-12-02,206.94,593316,195.68,211.49,195.342
2022-12-05,195.67,771438,208.5,210.73,187.25
2022-12-06,195.52,385010,194.6,197.84,187.39
2022-12-07,193.49,296534,192.61,198.97,190.28
2022-12-08,202.57,316897,194.5,203.2705,190.23
2022-12-09,203.25,406445,201.01,203.48,196.421
2022-12-12,196.16,407685,199.0,200.485,194.7901
2022-12-13,201.81,438609,206.45,211.84,195.52
2022-12-14,202.73,529056,203.0,213.7799,201.91
2022-12-15,188.0,441106,197.5,199.01,186.0
2022-12-16,173.75,722735,183.76,185.64,172.33
2022-12-19,170.21,368425,172.31,178.84,168.38
2022-12-20,168.85,305941,170.37,175.43,167.995
2022-12-21,168.82,218421,169.01,172.065,166.64
2022-12-22,166.23,433319,168.3,168.3,160.92
2022-12-23,162.67,285922,165.54,167.59,160.54
2022-12-27,147.74,712800,160.0,160.07,145.68
2022-12-28,138.09,691996,147.0,151.09,137.905
2022-12-29,136.63,715666,138.9,143.0,133.77
2022-12-30,141.57,703392,133.82,142.09,132.56
2023-01-03,145.02,628309,145.67,146.52,139.38
2023-01-04,165.06,1010300,146.8,165.695,145.9
2023-01-05,156.56,409178,160.54,160.54,149.77
2023-01-06,160.45,492903,152.61,161.89,147.1
2023-01-09,175.01,714634,170.0,181.87,165.4
2023-01-10,190.0,652391,174.35,190.97,169.995
2023-01-11,194.76,665868,189.0,196.45,184.11
2023-01-12,210.17,996006,203.65,213.43,189.31
2023-01-13,216.97,845659,206.0,222.17,202.695
2023-01-17,235.92,1086305,232.0,239.67,222.75
2023-01-18,221.19,1137771,237.0,242.03,209.62
2023-01-19,221.45,494209,216.77,227.8699,214.49
2023-01-20,240.03,729935,224.19,241.87,219.03
2023-01-23,250.215,727551,240.95,250.5,235.765
2023-01-24,247.5,315709,247.0,251.02,241.85
2023-01-25,245.84,374645,240.4,247.523,232.15
2023-01-26,245.32,412296,253.03,254.99,236.99
2023-01-27,258.36,629243,240.0,262.1,240.0
2023-01-30,245.69,534037,252.35,258.85,239.42
2023-01-31,251.73,378777,249.0,257.76,248.0
2023-02-01,267.92,655439,251.0,273.6,244.25
2023-02-02,292.13,1041457,275.0,302.8999,274.86
2023-02-03,284.76,630341,279.11,303.4,278.3829
2023-02-06,282.05,420617,274.31,286.2299,271.1621
2023-02-07,283.87,501338,279.75,287.33,270.3801
2023-02-08,275.96,315567,282.43,290.4085,271.66
2023-02-09,249.04,726813,276.01,277.61,245.58
2023-02-10,243.37,436236,246.0,252.59,241.01
2023-02-13,249.25,289402,239.03,250.65,236.5415
2023-02-14,271.14,672824,251.02,276.78,244.0005
2023-02-15,298.4,714287,275.58,299.73,272.0901
2023-02-16,284.03,970741,296.0,315.0,282.84
2023-02-17,294.05,552908,283.29,297.41,273.85
2023-02-21,269.92,571461,286.24,290.74,267.54
2023-02-22,268.58,421439,266.38,273.48,262.44
2023-02-23,265.75,301498,270.95,275.59,261.59
2023-02-24,255.8,503539,261.42,262.05,248.87
2023-02-27,258.65,349418,263.59,269.71,255.8279
2023-02-28,262.27,400603,259.79,269.75,256.04
2023-03-01,257.91,345219,263.88,268.549,253.34
2023-03-02,252.89,492847,248.99,253.8699,241.67
2023-03-03,246.91,760380,240.2,252.335,236.85
2023-03-06,237.45,477012,249.35,252.04,237.05
2023-03-07,231.44,493557,236.0,241.0,230.93
2023-03-08,232.72,470142,230.4,234.94,227.0
2023-03-09,210.82,824185,230.35,231.43,210.11
2023-03-10,192.01,1330319,205.75,207.58,188.3
2023-03-13,223.16,1532955,202.02,229.62,196.35
2023-03-14,229.47,1130353,239.08,244.41,222.09
2023-03-15,227.55,689542,227.0,234.98,216.53
2023-03-16,241.08,770061,225.18,245.1077,223.27
2023-03-17,267.66,2022382,255.53,274.0,249.01
2023-03-20,263.96,1252422,280.43,281.73,258.37
2023-03-21,273.38,881099,268.99,278.9299,260.6501
2023-03-22,246.86,1112951,276.0,278.0914,246.01
2023-03-23,263.33,1124950,249.01,271.0,248.04
2023-03-24,256.67,656994,259.14,263.4799,247.31
2023-03-27,238.96,1133090,259.86,260.2103,230.72
2023-03-28,248.26,672126,236.77,248.535,232.5
2023-03-29,284.03,1010852,257.8,285.42,255.45
2023-03-30,279.23,708072,287.9,288.5,274.57
2023-03-31,292.32,1037982,283.46,295.3995,280.0
2023-04-03,297.39,765375,290.99,300.9999,288.16
2023-04-04,298.98,623457,299.58,301.36,285.7429
2023-04-05,290.84,812388,303.45,307.0,283.51
2023-04-06,290.1,426123,286.51,295.48,278.37
2023-04-10,312.78,1002575,290.0,312.94,285.0
2023-04-11,332.35,1426746,321.91,337.82,318.095
2023-04-12,322.83,881248,334.25,335.745,318.3401
2023-04-13,340.72,1113172,330.42,345.0,327.0
2023-04-14,333.75,872087,342.85,347.63,324.61
2023-04-17,313.03,770224,321.73,322.47,312.2
2023-04-18,329.85,1000052,325.0,334.0,324.0
2023-04-19,314.72,623466,319.88,321.9909,312.9
2023-04-20,294.71,825639,310.27,312.9,292.27
2023-04-21,291.02,657618,297.34,300.5,287.74
2023-04-24,285.33,567638,291.03,297.9532,283.0
2023-04-25,290.91,569951,282.36,296.89,280.15
2023-04-26,299.46,1082042,310.5,321.64,296.3
2023-04-27,318.64,1016515,306.51,318.88,296.0101
2023-04-28,328.38,760730,313.04,328.98,308.09
2023-05-01,307.47,905513,320.0,323.3591,304.2361
2023-05-02,328.01,1373302,310.14,332.9265,305.13
2023-05-03,304.25,1193008,320.49,321.89,301.68
2023-05-04,312.235,715060,311.15,321.19,307.5
2023-05-05,326.72,908214,313.0,328.7199,312.0
2023-05-08,294.67,1042991,311.15,311.745,294.0
2023-05-09,303.43,722048,297.51,310.0,289.63
2023-05-10,315.11,1295162,313.24,325.65,305.0
2023-05-11,287.37,1542238,311.35,311.35,284.76
2023-05-12,271.0,1085052,284.9,286.59,266.51
2023-05-15,282.5,650719,280.0,286.88,276.0
2023-05-16,273.44,465391,277.5,282.9999,272.3713
2023-05-17,290.57,611314,271.49,291.05,269.2603
2023-05-18,287.58,669631,289.0,297.21,280.0112
2023-05-19,288.28,373181,290.9,291.96,282.575
2023-05-22,294.12,591029,287.78,297.06,286.02
2023-05-23,289.33,643284,299.19,301.2,288.26
2023-05-24,284.43,806437,282.0,286.9479,276.63
2023-05-25,280.99,878367,287.91,288.84,272.85
2023-05-26,285.1,654984,279.8,294.89,279.2
2023-05-30,299.27,946635,300.1,313.64,296.75
2023-05-31,301.63,623389,294.01,302.77,289.0
2023-06-01,299.94,548898,298.5,307.725,295.6418
2023-06-02,302.13,726464,305.27,306.0,290.64
2023-06-05,276.36,1404008,294.47,296.96,271.2
2023-06-06,298.82,1877948,270.0,304.565,266.55
2023-06-07,290.81,675549,298.82,302.27,288.0
2023-06-08,290.93,485570,289.69,297.244,283.57
2023-06-09,282.33,567855,293.5,295.76,280.505
2023-06-12,277.7,371546,279.125,281.66,275.0
2023-06-13,283.82,443633,284.3,284.88,274.95
2023-06-14,282.88,399706,284.11,286.15,276.73
2023-06-15,277.92,785733,274.15,281.38,266.0
2023-06-16,293.39,1423282,284.99,298.0,280.96
2023-06-20,313.4,1893929,300.0,315.18,289.69
2023-06-21,331.31,1927004,324.0,338.0,320.31
2023-06-22,327.23,1136363,332.49,337.45,313.13
2023-06-23,329.11,1561886,327.0,337.0,317.3
2023-06-26,305.74,1127283,324.0,328.6,301.085
2023-06-27,324.88,877332,312.3,327.99,311.527
2023-06-28,325.61,659081,319.91,332.8099,318.45
2023-06-29,340.255,857415,335.64,340.7867,328.5
2023-06-30,342.42,1525508,349.97,352.75,322.26
2023-07-03,377.84,1095468,347.0,378.27,345.99
2023-07-05,378.11,1186804,367.01,382.9899,359.0958
2023-07-06,376.55,892716,380.59,385.01,362.0
2023-07-07,380.74,941766,373.59,392.0,373.59
2023-07-10,407.71,997608,381.17,408.01,370.0466
2023-07-11,412.3,1204900,401.0,415.0,396.92
2023-07-12,413.49,923636,418.0,420.98,405.24
2023-07-13,461.83,2078277,418.0,466.99,412.78
2023-07-14,458.86,1724352,455.46,475.0916,447.18
2023-07-17,449.88,863314,457.195,467.0,444.35
2023-07-18,445.795,783635,449.48,454.0,435.0
2023-07-19,453.1,550183,451.77,461.6,446.7628
2023-07-20,440.83,631719,455.21,461.31,435.2
2023-07-21,436.65,563413,441.91,445.875,426.55
2023-07-24,430.935,655487,427.64,431.8699,412.93
2023-07-25,436.82,447851,430.94,442.415,430.21
2023-07-26,443.46,530049,436.82,447.93,436.28
2023-07-27,426.15,565513,451.0,452.46,424.17
2023-07-28,434.61,464240,434.0,438.74,424.84
2023-07-31,437.88,486969,440.0,442.84,432.2
2023-08-01,434.98,668565,430.0,438.0,420.88
2023-08-02,407.33,1055940,434.98,437.0,401.18
2023-08-03,389.91,653192,400.01,402.3699,387.6245
2023-08-04,376.97,551153,390.01,395.76,374.45
2023-08-07,370.82,696251,371.03,373.56,357.7
2023-08-08,389.48,771907,380.0,395.9999,374.72
2023-08-09,377.84,512089,395.97,396.5,376.0
2023-08-10,378.01,411372,380.32,390.06,372.0056
2023-08-11,384.31,334283,378.01,388.0,372.1
2023-08-14,388.83,382411,381.57,392.6,375.2764
2023-08-15,376.15,418408,389.04,392.69,375.83
2023-08-16,369.67,313621,373.46,377.28,366.26
2023-08-17,346.79,806074,361.6,365.5899,345.37
2023-08-18,328.62,1101223,331.49,338.58,322.29
2023-08-21,335.25,417215,330.29,336.9839,325.0201
2023-08-22,329.51,382654,341.48,345.2345,328.0
2023-08-23,346.4,520582,330.0,350.5247,327.5
2023-08-24,336.56,507733,348.92,349.5,332.45
2023-08-25,336.05,366504,339.68,344.9999,329.031
2023-08-28,344.37,353292,339.36,350.38,338.545
2023-08-29,381.52,1528169,342.23,387.9928,341.93
2023-08-30,371.68,605103,375.1,377.32,367.6
2023-08-31,357.53,605144,375.1,375.6658,354.24
2023-09-01,351.48,406849,357.54,360.94,346.63
2023-09-05,349.25,300775,351.48,353.971,344.575
2023-09-06,350.7,572536,349.5,359.0,345.2608
2023-09-07,353.07,492731,346.5,356.82,337.84
2023-09-08,356.28,459397,352.42,356.28,347.0
2023-09-11,342.68,753658,355.0,356.61,336.0
2023-09-12,347.76,765536,355.0,367.6,345.299
2023-09-13,341.84,478626,347.3,352.5614,340.6
2023-09-14,346.4,670032,350.0,361.99,346.04
2023-09-15,340.78,498799,346.4,346.4,336.36
2023-09-18,340.62,578136,351.25,356.3299,338.99
2023-09-19,339.26,557840,344.11,350.195,333.5
2023-09-20,333.47,383392,343.5,344.34,333.04
2023-09-21,326.06,366006,325.8,328.6617,321.5934
2023-09-22,322.81,283437,324.75,328.14,320.5666
2023-09-25,327.6,385092,319.5,327.61,315.64
2023-09-26,317.3,385673,324.0,329.0,317.17
2023-09-27,315.63,387585,322.62,326.9,310.1
2023-09-28,328.92,643196,319.8,337.5525,315.65
2023-09-29,328.28,391974,332.72,334.48,324.9
2023-10-02,329.49,853511,346.57,352.84,327.5201
2023-10-03,311.33,645252,323.9,326.0,311.0
2023-10-04,320.4,493757,314.85,323.93,307.1101
2023-10-05,323.42,410579,323.79,328.0,315.1809
2023-10-06,340.63,473150,320.0,341.7816,319.1718
2023-10-09,340.45,380717,331.53,344.24,331.43
2023-10-10,340.46,386672,341.24,346.47,337.01
2023-10-11,334.61,306504,338.6,340.27,330.35
2023-10-12,323.6,445109,335.0,335.0,320.86
2023-10-13,318.22,397102,327.62,327.62,314.25
2023-10-16,325.8,1258418,338.0,353.0,321.05
2023-10-17,335.41,615097,321.34,340.9093,321.34
2023-10-18,329.14,368667,335.89,338.255,326.46
2023-10-19,342.35,535578,330.72,348.78,328.14
2023-10-20,348.04,876361,353.65,362.0,344.21
2023-10-23,377.49,1281472,355.35,383.9,346.09
2023-10-24,424.87,2246730,408.39,438.99,401.27
2023-10-25,433.22,1260093,434.79,449.49,425.11
2023-10-26,413.45,1006899,420.0,430.0,406.23
2023-10-27,406.76,733561,420.0,421.46,398.203
2023-10-30,420.22,825838,423.0,434.65,410.0
2023-10-31,423.39,615351,416.5,423.7699,410.0501
2023-11-01,426.67,752180,429.62,430.0,412.36
2023-11-02,453.63,1184338,440.48,454.05,424.0
2023-11-03,453.95,945306,444.98,464.19,441.4
2023-11-06,459.63,782709,461.02,472.9899,451.01
2023-11-07,473.55,724772,454.0,474.87,449.0
2023-11-08,474.5,789402,469.08,478.6,458.49
2023-11-09,494.07,2113891,498.29,535.21,485.89
2023-11-10,509.18,947170,504.0,513.315,494.535
2023-11-13,504.88,925056,502.0,506.895,486.77
2023-11-14,480.0,1661942,506.7,506.99,460.0
2023-11-15,505.95,1450157,486.34,509.28,480.67
2023-11-16,489.08,1146391,494.0,502.77,482.97
2023-11-17,486.22,750797,492.65,495.91,483.39
2023-11-20,508.53,1060337,492.01,512.5199,492.01
2023-11-21,493.04,795577,497.99,503.14,484.53
2023-11-22,507.88,733986,494.0,509.44,481.08
2023-11-24,520.24,907413,510.0,526.7899,505.53
2023-11-27,495.38,1055531,505.75,514.8,495.3
2023-11-28,505.87,887676,505.12,515.27,498.25
2023-11-29,507.1,656929,507.98,513.5,497.0
2023-11-30,498.3,740515,498.0,504.99,487.3139
2023-12-01,527.68,1404062,503.53,529.8,503.37
2023-12-04,563.22,1752961,567.0,577.77,550.0
2023-12-05,577.5,1446782,566.0,589.9,563.3837
2023-12-06,568.885,956571,585.12,586.555,566.135
2023-12-07,571.09,573573,557.2,578.06,552.1
2023-12-08,599.39,953073,573.48,599.39,572.81
2023-12-11,555.8,1341062,574.11,577.88,546.1789
2023-12-12,558.32,711930,560.0,566.97,549.01
2023-12-13,586.0,969955,557.59,586.0,552.29
2023-12-14,582.37,916693,588.0,590.0,575.65
2023-12-15,570.41,988031,575.0,575.23,564.65
2023-12-18,571.9,850328,561.1,579.0,559.0
2023-12-19,571.3,873794,583.5,590.41,564.51
2023-12-20,573.47,1378475,589.77,599.5693,572.1
2023-12-21,581.95,715926,588.1,591.3199,574.4
2023-12-22,619.24,1261980,581.96,622.58,578.7
2023-12-26,603.89,1204709,609.49,615.55,596.49
2023-12-27,670.71,2127251,613.8,673.82,612.01
2023-12-28,667.88,1580768,654.69,689.35,653.515
2023-12-29,631.62,1581804,674.83,680.0,617.17
2024-01-02,685.15,2207441,692.49,727.77,680.0001
2024-01-03,631.06,1880569,643.22,658.55,625.3
2024-01-04,655.81,1119272,638.6,668.0,628.45
2024-01-05,631.08,932307,648.71,654.03,630.03
2024-01-08,598.01,2514255,640.0,646.88,586.52
2024-01-09,577.29,1434643,600.0,602.78,571.2501
2024-01-10,565.67,1640946,566.68,586.9999,553.8411
2024-01-11,536.18,2570391,598.99,611.0,530.3
2024-01-12,485.53,2740278,525.02,525.89,481.0
2024-01-16,482.14,1645349,479.0,489.48,467.0
2024-01-17,499.0,976587,474.23,499.1,474.23
2024-01-18,486.6,1660492,500.0,522.0,477.85
2024-01-19,481.0,1177173,484.5,487.2,465.0
2024-01-22,470.19,1143145,468.0,483.9599,455.39
2024-01-23,450.19,1171607,450.0,459.8171,438.74
2024-01-24,450.99,823267,460.0,462.0,445.05
2024-01-25,457.78,660846,452.32,464.0,445.8892
2024-01-26,494.5,1466040,470.0,500.95,464.75
2024-01-29,513.81,1364889,500.0,524.97,490.21
2024-01-30,519.51,738813,516.98,525.7999,507.64
2024-01-31,501.21,937963,508.0,527.89,499.4275
2024-02-01,503.48,628083,501.8,515.06,495.9601
2024-02-02,500.1,609800,497.25,509.0,491.0001
2024-02-05,490.6,859930,502.0,503.48,482.0
2024-02-06,498.0,689874,493.3,509.1923,493.12
2024-02-07,508.01,1099748,499.47,508.63,467.49
2024-02-08,587.81,2263110,530.0,588.46,525.05
2024-02-09,646.32,2468457,627.4,648.9,614.115
2024-02-12,717.52,2309973,651.99,725.27,650.17
2024-02-13,686.02,1391453,675.0,701.2199,655.55
2024-02-14,769.88,2070474,746.0,774.84,734.165
2024-02-15,718.0,2382769,792.44,806.78,707.5139
2024-02-16,699.56,1340711,735.0,740.0,689.38
2024-02-20,704.98,968005,710.79,721.98,670.27
2024-02-21,672.8,703306,684.3,685.38,664.2565
2024-02-22,713.15,1042512,683.7,723.2499,679.99
2024-02-23,687.44,739284,699.01,704.285,678.06
2024-02-26,796.48,2269529,687.94,809.9499,687.94
2024-02-27,871.8,2274761,866.1,890.0,841.76
2024-02-28,962.95,4838819,952.0,1008.88,915.5
2024-02-29,1022.84,3520603,999.0,1040.0,960.4436
2024-03-01,1079.39,2696436,996.0,1080.0,992.0
2024-03-04,1334.01,5424989,1200.0,1359.91,1190.01
2024-03-05,1051.01,5736628,1244.19,1337.7899,1035.06
2024-03-06,1246.21,3693999,1140.0,1285.55,1131.101
2024-03-07,1300.02,2167716,1284.98,1321.04,1225.0
2024-03-08,1425.59,3741774,1328.04,1451.73,1283.6639
2024-03-11,1484.23,4102423,1550.0,1657.06,1477.35
2024-03-12,1593.35,3548865,1544.0,1594.97,1438.0022
2024-03-13,1766.15,3775945,1660.0,1774.0,1620.0
2024-03-14,1676.85,4986759,1708.01,1746.0,1550.77
2024-03-15,1782.36,4474994,1600.01,1815.0,1570.0
2024-03-18,1502.76,4511120,1718.45,1734.9001,1445.01
2024-03-19,1417.5,4464413,1326.07,1450.0,1230.12
2024-03-20,1546.52,3331432,1423.01,1549.9999,1363.01
2024-03-21,1599.29,3158981,1594.12,1704.3635,1581.02
2024-03-22,1523.0,2083618,1520.0,1594.49,1490.0
2024-03-25,1856.0,3884027,1605.0,1873.65,1594.42
2024-03-26,1876.99,2393890,1882.43,1909.5,1792.0
2024-03-27,1919.16,2622609,1953.0,1999.99,1842.0001
2024-03-28,1704.56,4555914,1943.0,1989.0,1645.515
2024-04-01,1636.74,1992954,1645.01,1690.19,1586.56
2024-04-02,1578.83,1854584,1492.0,1592.29,1462.9429
2024-04-03,1606.11,1977245,1580.01,1699.49,1568.3201
2024-04-04,1615.42,2017134,1692.98,1739.72,1610.1001
2024-04-05,1439.0,2273995,1570.0,1674.25,1432.0
2024-04-08,1512.99,2057363,1602.1,1623.78,1491.2001
2024-04-09,1441.02,1671666,1478.1,1480.1672,1375.0
2024-04-10,1566.0,1939188,1387.5,1566.0,1373.77
2024-04-11,1551.81,1438591,1543.0,1578.37,1510.09
2024-04-12,1479.58,1290564,1535.0,1537.82,1433.0
2024-04-15,1335.88,1612542,1470.0,1489.97,1321.05
2024-04-16,1254.03,1729229,1306.02,1328.5,1215.1501
2024-04-17,1188.05,2037397,1258.0,1264.22,1131.99
2024-04-18,1208.16,1769671,1192.0,1287.88,1168.43
2024-04-19,1174.11,1474654,1237.0,1258.6499,1166.241
2024-04-22,1324.01,1941069,1209.0,1347.902,1208.0
2024-04-23,1338.64,1047846,1311.0,1394.4505,1298.89
2024-04-24,1265.67,951186,1327.01,1345.0,1260.0
2024-04-25,1240.41,773403,1226.0,1267.72,1201.1398
2024-04-26,1282.38,881462,1225.0,1285.97,1204.01
2024-04-29,1292.97,1013073,1250.0,1308.4158,1228.42
2024-04-30,1065.03,2493603,1199.01,1215.42,1063.17
2024-05-01,1028.27,1924884,1015.53,1109.325,1010.0
2024-05-02,1129.42,1540225,1055.0,1142.3019,1041.7619
2024-05-03,1223.01,1560962,1201.01,1242.0,1172.82
2024-05-06,1268.81,1387032,1273.85,1339.0,1260.1
2024-05-07,1257.45,996768,1278.2,1318.9999,1251.3
2024-05-08,1233.12,859016,1198.39,1259.8977,1190.0
2024-05-09,1263.64,1053370,1230.0,1303.0,1200.99
2024-05-10,1180.48,1403844,1289.99,1301.99,1178.53
2024-05-13,1245.96,875725,1217.94,1264.1512,1203.0
2024-05-14,1297.63,926786,1226.48,1298.69,1226.48
2024-05-15,1503.47,2058643,1379.6,1520.34,1351.09
2024-05-16,1439.98,1365555,1494.1,1518.9,1435.45
2024-05-17,1584.5,1652932,1500.98,1584.9999,1469.0
2024-05-20,1727.24,1671697,1597.0,1728.96,1551.42
2024-05-21,1655.42,1297751,1730.0,1740.0,1645.0
2024-05-22,1647.0,1033930,1663.0,1718.0,1620.15
2024-05-23,1544.07,1158811,1669.21,1670.0,1530.3257
2024-05-24,1684.84,1206856,1540.0,1684.995,1528.0
2024-05-28,1675.35,1079936,1650.0,1691.55,1610.0201
2024-05-29,1618.7,734425,1650.0,1659.07,1611.18
2024-05-30,1541.0,1477645,1653.0,1714.99,1531.955
2024-05-31,1524.49,2215356,1597.0,1614.82,1442.0
2024-06-03,1627.41,1122236,1601.0,1656.0,1560.4166
2024-06-04,1638.77,1322951,1617.42,1697.0,1615.0
2024-06-05,1694.69,1095585,1675.0,1717.84,1636.2401
2024-06-06,1656.63,1162291,1698.59,1734.6977,1647.05
2024-06-07,1596.2,1262688,1671.02,1717.7,1585.0
2024-06-10,1599.92,726460,1575.01,1647.76,1560.2903
2024-06-11,1555.49,1141182,1542.0,1564.15,1486.6
2024-06-12,1603.67,1368125,1620.0,1692.71,1591.765
2024-06-13,1483.88,2110766,1563.3,1573.76,1441.01
2024-06-14,1495.54,1379009,1505.0,1538.0,1461.51
2024-06-17,1507.26,1207636,1499.8,1569.01,1421.1687
2024-06-18,1469.43,893368,1457.93,1510.95,1446.0
2024-06-20,1465.4,909760,1482.11,1505.59,1422.06
2024-06-21,1483.76,1149463,1420.0,1491.05,1409.02
2024-06-24,1372.15,1608074,1398.0,1448.8997,1325.5414
